{"stat.walkOneCm":43496,"stat.drop.minecraft.rotten_flesh":1,"stat.leaveGame":1,"stat.pickup.minecraft.arrow":2,"stat.damageTaken":1500,"stat.killEntity.Spider":1,"stat.mineBlock.minecraft.double_plant":2,"stat.mobKills":1,"stat.pickup.peruanoscraft.dposcientos":1,"stat.drop.minecraft.spawn_egg":3,"stat.pickup.minecraft.string":1,"stat.flyOneCm":109268,"stat.deaths":6,"stat.pickup.minecraft.wheat_seeds":3,"stat.drop":7,"stat.jump":144,"stat.swimOneCm":3581,"stat.playOneMinute":60607,"stat.fallOneCm":1269,"stat.useItem.tombstone.gift":1,"stat.drop.peruanoscraft.dposcientos":1,"stat.entityKilledBy.Skeleton":3,"stat.sneakTime":166,"stat.damageDealt":481,"stat.crouchOneCm":94,"stat.drop.minecraft.arrow":2,"stat.timeSinceDeath":31290,"stat.pickup.minecraft.dirt":5,"stat.sprintOneCm":7816,"stat.useItem.minecraft.stone_slab2":1,"stat.useItem.minecraft.spawn_egg":6,"stat.mineBlock.minecraft.tallgrass":22,"stat.diveOneCm":19022,"stat.entityKilledBy.soldier":2}