{"stat.leaveGame":17,"stat.drop.minecraft.gunpowder":1,"stat.drop.minecraft.redstone":1,"stat.pickup.immersiveengineering.conveyor":1,"stat.pickup.minecraft.porkchop":3,"stat.pickup.minecraft.rotten_flesh":10,"stat.drop.cfm.inflatable_castle":1,"stat.killEntity.terrorist":1,"stat.drop.mw.m1897":1,"stat.killEntity.Witch":3,"stat.hopperInspected":1,"stat.drop.minecraft.diamond":8,"stat.useItem.minecraft.spawn_egg":14,"stat.pickup.mw.fuelcell":5,"stat.killEntity.ZombieVillager":2,"stat.drop.mw.l96a1":1,"stat.drop.scienceofchemistry.papieros":2,"stat.pickup.mts.mts.handbook_plane":1,"stat.drop.cfm.light_switch_off":2,"stat.pickup.iceandfire.troll_tusk":1,"stat.killEntity.soldier":3,"stat.pickup.tombstone.magic_scroll":1,"stat.pickup.securitycraft.security_camera":4,"stat.killEntity.Husk":2,"stat.deaths":6,"stat.playOneMinute":1266050,"stat.drop.mw.gpca1":1,"stat.useItem.securitycraft.camera_monitor":10,"stat.mineBlock.minecraft.tallgrass":22,"stat.chestOpened":3,"stat.drop.mts.mts.handbook_plane":1,"stat.drop.minecraft.hopper":2,"stat.pickup.iceandfire.armor_silver_metal_helmet":1,"stat.pickup.minecraft.arrow":8,"stat.pickup.minecraft.iron_sword":1,"stat.pickup.securitycraft.speed_module":1,"stat.drop.mw.p10":1,"stat.drop.iceandfire.silver_pickaxe":1,"stat.drop.cfm.modern_coffee_table":1,"stat.drop.scienceofchemistry.hempraw":1,"stat.fallOneCm":1269,"stat.drop.webdisplays.screen":1,"stat.crouchOneCm":4693,"stat.pickup.mcpaint.brush":1,"stat.killEntity.jenny":1,"stat.pickup.peruanoscraft.dposcientos":1,"stat.pickup.minecraft.dye":7,"stat.killEntity.Llama":26,"stat.pickup.minecraft.wheat_seeds":3,"stat.pickup.dynamicswordskills.skillorb":1,"stat.pickup.cfm.computer":1,"stat.pickup.scienceofchemistry.tytonnot":2,"stat.pickup.elevatorid.elevator_red":1,"stat.drop.minecraft.paper":5,"stat.useItem.minecraft.torch":231,"stat.drop.mw.he_standard_combat_shotgun":1,"stat.drop.minecraft.rotten_flesh":2,"stat.drop.doomweapon.doomcrucible_open":2,"stat.drop.minecraft.porkchop":2,"stat.drop.securitycraft.speed_module":1,"stat.drop.minecraft.fire_charge":3,"stat.mineBlock.minecraft.double_plant":2,"stat.useItem.mw.tablet":2,"stat.drop.minecraft.stonebrick":3,"stat.pickup.minecraft.hopper":1,"stat.drop.dynamicswordskills.skillitem_dash":1,"stat.useItem.iceandfire.troll_weapon.column":3,"stat.drop.immersiveengineering.storage":2,"stat.sneakTime":2992,"stat.useItem.mcpaint.brush":6,"stat.killEntity.siren":3,"stat.drop.minecraft.observer":1,"stat.pickup.minecraft.bone":9,"stat.pickup.securitycraft.redstone_module":2,"stat.killEntity.gorgon":1,"stat.useItem.immersiveengineering.conveyor":7,"stat.pickup.iceandfire.troll_weapon.axe":1,"stat.swimOneCm":10262,"stat.killEntity.manglelie":1,"stat.climbOneCm":729,"stat.drop.mw.osipr":1,"stat.drop.cfm.modern_light_off":1,"stat.useItem.minecraft.dirt":192,"stat.useItem.minecraft.stone_slab2":1195,"stat.pickup.securitycraft.lens":1,"stat.drop.mw.mares_leg":1,"stat.killEntity.deathworm":6,"stat.pickup.mw.wcam":2,"stat.pickup.minecraft.cobblestone":10,"stat.pickup.cfm.curtains_open":1,"stat.useItem.securitycraft.security_camera":1,"stat.flyOneCm":2435801,"stat.drop.mw.hk_g95":1,"stat.drop.mw.hs12":1,"stat.pickup.minecraft.cactus":1,"stat.pickup.minecraft.redstone":2,"stat.timeSinceDeath":1236733,"stat.drop.minecraft.iron_bars":1,"stat.pickup.scienceofchemistry.hemppacked":1,"stat.killEntity.seaserpent":1,"stat.pickup.minecraft.stonebrick":8,"stat.pickup.scienceofchemistry.hempraw":2,"stat.killEntity.Creeper":20,"stat.drop.minecraft.spawn_egg":13,"stat.pickup.minecraft.string":2,"stat.killEntity.tyke":8,"stat.entityKilledBy.Skeleton":3,"stat.drop.cfm.curtains_open":1,"stat.killEntity.Squid":6,"stat.sprintOneCm":43795,"stat.useItem.cfm.light_switch_off":2,"stat.pickup.cfm.desk_cabinet_stone":1,"stat.pickup.cfm.desk_stone":1,"stat.drop.iceandfire.troll_weapon.hammer":1,"stat.drop.scienceofchemistry.hemppacked":1,"stat.drop.minecraft.golden_apple":5,"stat.pickup.minecraft.spawn_egg":4,"stat.useItem.doomweapon.axe_marauder_open":13,"stat.drop":116,"stat.drop.minecraft.redstone_block":1,"stat.pickup.cfm.couch":1,"stat.killEntity.Zombie":16,"stat.diveOneCm":38750,"stat.drop.iceandfire.armor_silver_metal_helmet":1,"stat.pickup.iceandfire.troll_leather_mountain":6,"stat.drop.securitycraft.smart_module":1,"stat.useItem.dynamicswordskills.skillitem_spinattack":7,"stat.drop.scienceofchemistry.bluemeth":2,"stat.killEntity.luna":1,"stat.pickup.doomweapon.doomcrucible_open":1,"stat.useItem.minecraft.potion":1,"stat.pickup.webdisplays.screen":1,"stat.pickup.scienceofchemistry.bluemeth":1,"stat.drop.minecraft.sandstone":2,"stat.jump":863,"stat.useItem.doomweapon.doomcrucible_open":27,"stat.drop.doomweapon.axe_marauder_open":1,"stat.pickup.iceandfire.troll_weapon.column":1,"stat.pickup.cfm.dishwasher":1,"stat.pickup.minecraft.gunpowder":10,"stat.pickup.minecraft.dirt":57,"stat.pickup.iceandfire.iceandfire.deathworm_egg":1,"stat.drop.securitycraft.redstone_module":1,"stat.damageTaken":1500,"stat.pickup.minecraft.leather":25,"stat.drop.mw.m4a1":1,"stat.drop.dynamicswordskills.skillorb":14,"stat.pickup.cfm.range_hood":1,"stat.useItem.customnpcs.npcwand":7,"stat.pickup.scienceofchemistry.papieros":2,"stat.drop.minecraft.nether_brick_fence":1,"tombstone:undead_killed":36,"stat.useItem.immersiveengineering.sword_steel":30,"stat.drop.mcpaint.brush":1,"stat.damageDealt":7174,"stat.killEntity.Pig":1,"stat.walkOneCm":617322,"stat.useItem.immersiveengineering.storage":6,"stat.pickup.cfm.bedside_cabinet_stone":1,"stat.pickup.immersiveengineering.storage":1,"stat.drop.mw.browning_auto_5":1,"stat.drop.iceandfire.troll_weapon.column":2,"stat.pickup.mw.m4a1":3,"stat.useItem.tombstone.gift":1,"stat.pickup.minecraft.stone":1,"stat.killEntity.if_troll":9,"stat.drop.minecraft.emerald":5,"stat.drop.securitycraft.keypad":1,"stat.useItem.dynamicswordskills.skillitem_dash":21,"stat.entityKilledBy.soldier":2,"stat.killEntity.Skeleton":15,"stat.drop.mw.tactical_helmet":1,"stat.killEntity.Spider":7,"stat.mobKills":155,"stat.drop.minecraft.diamond_boots":1,"stat.pickup.iceandfire.troll_weapon.hammer":1,"stat.pickup.iceandfire.gorgon_head":1,"stat.pickup.minecraft.diamond":8,"stat.pickup.minecraft.torch":2,"stat.drop.peruanoscraft.dposcientos":1,"stat.pickup.cfm.light_switch_off":1,"stat.drop.minecraft.arrow":2}