{"stat.pickup.minecraft.bone":9,"stat.leaveGame":14,"stat.killEntity.gorgon":1,"stat.drop.minecraft.gunpowder":1,"stat.useItem.immersiveengineering.conveyor":7,"stat.pickup.iceandfire.troll_weapon.axe":1,"stat.swimOneCm":9938,"stat.killEntity.manglelie":1,"stat.climbOneCm":729,"stat.drop.mw.osipr":1,"stat.pickup.immersiveengineering.conveyor":1,"stat.pickup.minecraft.porkchop":3,"stat.useItem.minecraft.dirt":192,"stat.useItem.minecraft.stone_slab2":663,"stat.drop.mw.mares_leg":1,"stat.pickup.minecraft.rotten_flesh":10,"stat.killEntity.deathworm":6,"stat.drop.cfm.inflatable_castle":1,"stat.killEntity.terrorist":1,"stat.pickup.minecraft.cobblestone":10,"stat.drop.mw.m1897":1,"stat.pickup.cfm.curtains_open":1,"stat.flyOneCm":1655875,"stat.drop.mw.hk_g95":1,"stat.killEntity.Witch":3,"stat.drop.mw.hs12":1,"stat.pickup.minecraft.cactus":1,"stat.pickup.minecraft.redstone":1,"stat.timeSinceDeath":1030151,"stat.drop.minecraft.diamond":8,"stat.useItem.minecraft.spawn_egg":14,"stat.pickup.mw.fuelcell":5,"stat.pickup.scienceofchemistry.hemppacked":1,"stat.pickup.minecraft.stonebrick":8,"stat.killEntity.ZombieVillager":2,"stat.pickup.scienceofchemistry.hempraw":2,"stat.killEntity.Creeper":20,"stat.drop.minecraft.spawn_egg":13,"stat.pickup.minecraft.string":2,"stat.drop.mw.l96a1":1,"stat.drop.scienceofchemistry.papieros":2,"stat.killEntity.tyke":8,"stat.entityKilledBy.Skeleton":3,"stat.pickup.mts.mts.handbook_plane":1,"stat.pickup.iceandfire.troll_tusk":1,"stat.drop.cfm.curtains_open":1,"stat.killEntity.Squid":6,"stat.sprintOneCm":43193,"stat.killEntity.soldier":3,"stat.pickup.tombstone.magic_scroll":1,"stat.drop.scienceofchemistry.hemppacked":1,"stat.killEntity.Husk":2,"stat.drop.minecraft.golden_apple":5,"stat.pickup.minecraft.spawn_egg":4,"stat.deaths":6,"stat.useItem.doomweapon.axe_marauder_open":13,"stat.drop":95,"stat.playOneMinute":1059468,"stat.pickup.cfm.couch":1,"stat.killEntity.Zombie":16,"stat.drop.mw.gpca1":1,"stat.mineBlock.minecraft.tallgrass":22,"stat.diveOneCm":37842,"stat.drop.iceandfire.armor_silver_metal_helmet":1,"stat.chestOpened":3,"stat.pickup.iceandfire.troll_leather_mountain":6,"stat.drop.mts.mts.handbook_plane":1,"stat.useItem.dynamicswordskills.skillitem_spinattack":7,"stat.pickup.iceandfire.armor_silver_metal_helmet":1,"stat.pickup.minecraft.arrow":8,"stat.pickup.minecraft.iron_sword":1,"stat.drop.scienceofchemistry.bluemeth":2,"stat.drop.mw.p10":1,"stat.killEntity.luna":1,"stat.pickup.doomweapon.doomcrucible_open":1,"stat.drop.iceandfire.silver_pickaxe":1,"stat.useItem.minecraft.potion":1,"stat.pickup.webdisplays.screen":1,"stat.pickup.scienceofchemistry.bluemeth":1,"stat.drop.minecraft.sandstone":2,"stat.jump":693,"stat.useItem.doomweapon.doomcrucible_open":27,"stat.drop.scienceofchemistry.hempraw":1,"stat.fallOneCm":1269,"stat.drop.doomweapon.axe_marauder_open":1,"stat.pickup.iceandfire.troll_weapon.column":1,"stat.drop.webdisplays.screen":1,"stat.pickup.cfm.dishwasher":1,"stat.pickup.minecraft.gunpowder":10,"stat.crouchOneCm":4601,"stat.pickup.minecraft.dirt":55,"stat.pickup.iceandfire.iceandfire.deathworm_egg":1,"stat.killEntity.jenny":1,"stat.damageTaken":1500,"stat.pickup.minecraft.leather":25,"stat.drop.mw.m4a1":1,"stat.drop.dynamicswordskills.skillorb":14,"stat.pickup.peruanoscraft.dposcientos":1,"stat.pickup.minecraft.dye":2,"stat.pickup.cfm.range_hood":1,"stat.killEntity.Llama":26,"stat.pickup.scienceofchemistry.papieros":2,"tombstone:undead_killed":36,"stat.pickup.minecraft.wheat_seeds":3,"stat.useItem.immersiveengineering.sword_steel":30,"stat.damageDealt":7056,"stat.pickup.dynamicswordskills.skillorb":1,"stat.killEntity.Pig":1,"stat.pickup.scienceofchemistry.tytonnot":2,"stat.pickup.elevatorid.elevator_red":1,"stat.walkOneCm":506783,"stat.drop.minecraft.paper":5,"stat.useItem.minecraft.torch":216,"stat.useItem.immersiveengineering.storage":6,"stat.drop.mw.he_standard_combat_shotgun":1,"stat.drop.minecraft.rotten_flesh":2,"stat.drop.doomweapon.doomcrucible_open":2,"stat.drop.minecraft.porkchop":2,"stat.pickup.cfm.bedside_cabinet_stone":1,"stat.pickup.immersiveengineering.storage":1,"stat.mineBlock.minecraft.double_plant":2,"stat.drop.mw.browning_auto_5":1,"stat.drop.iceandfire.troll_weapon.column":2,"stat.pickup.mw.m4a1":3,"stat.drop.minecraft.stonebrick":2,"stat.useItem.tombstone.gift":1,"stat.pickup.minecraft.stone":1,"stat.killEntity.if_troll":8,"stat.drop.minecraft.emerald":5,"stat.drop.dynamicswordskills.skillitem_dash":1,"stat.useItem.dynamicswordskills.skillitem_dash":21,"stat.entityKilledBy.soldier":2,"stat.killEntity.Skeleton":15,"stat.useItem.iceandfire.troll_weapon.column":3,"stat.drop.mw.tactical_helmet":1,"stat.killEntity.Spider":7,"stat.drop.immersiveengineering.storage":2,"stat.mobKills":151,"stat.drop.minecraft.diamond_boots":1,"stat.pickup.iceandfire.gorgon_head":1,"stat.pickup.minecraft.diamond":8,"stat.drop.peruanoscraft.dposcientos":1,"stat.sneakTime":2039,"stat.drop.minecraft.arrow":2,"stat.killEntity.siren":3}