{"stat.walkOneCm":53304,"stat.drop.minecraft.paper":5,"stat.drop.minecraft.rotten_flesh":1,"stat.leaveGame":2,"stat.pickup.minecraft.arrow":2,"stat.drop.scienceofchemistry.bluemeth":2,"stat.mineBlock.minecraft.double_plant":2,"stat.drop.minecraft.spawn_egg":3,"stat.pickup.minecraft.string":1,"stat.pickup.scienceofchemistry.bluemeth":1,"stat.jump":158,"stat.swimOneCm":3581,"stat.fallOneCm":1269,"stat.useItem.tombstone.gift":1,"stat.drop.scienceofchemistry.papieros":1,"stat.entityKilledBy.Skeleton":3,"stat.pickup.minecraft.porkchop":1,"stat.crouchOneCm":94,"stat.drop.minecraft.emerald":5,"stat.pickup.minecraft.dirt":5,"stat.sprintOneCm":9083,"stat.useItem.minecraft.stone_slab2":1,"stat.entityKilledBy.soldier":2,"stat.damageTaken":1500,"stat.killEntity.Spider":1,"stat.mobKills":2,"stat.pickup.peruanoscraft.dposcientos":1,"stat.flyOneCm":136203,"stat.pickup.scienceofchemistry.papieros":1,"stat.deaths":6,"stat.pickup.minecraft.wheat_seeds":3,"stat.drop":20,"stat.playOneMinute":73245,"stat.drop.peruanoscraft.dposcientos":1,"stat.sneakTime":169,"stat.damageDealt":581,"stat.drop.minecraft.arrow":2,"stat.timeSinceDeath":43928,"stat.useItem.minecraft.spawn_egg":6,"stat.killEntity.Pig":1,"stat.mineBlock.minecraft.tallgrass":22,"stat.diveOneCm":19022}