{"stat.chestOpened":3,"stat.pickup.minecraft.bone":1,"stat.pickup.iceandfire.armor_silver_metal_helmet":1,"stat.leaveGame":5,"stat.pickup.minecraft.arrow":3,"stat.pickup.minecraft.iron_sword":1,"stat.killEntity.gorgon":1,"stat.drop.minecraft.gunpowder":1,"stat.drop.scienceofchemistry.bluemeth":2,"stat.killEntity.luna":1,"stat.pickup.doomweapon.doomcrucible_open":1,"stat.drop.iceandfire.silver_pickaxe":1,"stat.useItem.minecraft.potion":1,"stat.pickup.scienceofchemistry.bluemeth":1,"stat.drop.minecraft.sandstone":1,"stat.jump":319,"stat.swimOneCm":5986,"stat.killEntity.manglelie":1,"stat.useItem.doomweapon.doomcrucible_open":27,"stat.drop.scienceofchemistry.hempraw":1,"stat.fallOneCm":1269,"stat.drop.doomweapon.axe_marauder_open":1,"stat.climbOneCm":729,"stat.pickup.iceandfire.troll_weapon.column":1,"stat.pickup.minecraft.porkchop":3,"stat.pickup.minecraft.gunpowder":1,"stat.crouchOneCm":460,"stat.pickup.minecraft.dirt":6,"stat.useItem.minecraft.dirt":65,"stat.useItem.minecraft.stone_slab2":107,"stat.pickup.minecraft.rotten_flesh":4,"stat.drop.cfm.inflatable_castle":1,"stat.killEntity.jenny":1,"stat.damageTaken":1500,"stat.pickup.minecraft.leather":25,"stat.drop.mw.m4a1":1,"stat.pickup.peruanoscraft.dposcientos":1,"stat.pickup.cfm.curtains_open":1,"stat.killEntity.Llama":24,"stat.flyOneCm":695548,"stat.pickup.scienceofchemistry.papieros":2,"tombstone:undead_killed":9,"stat.pickup.minecraft.wheat_seeds":3,"stat.killEntity.Witch":2,"stat.damageDealt":4833,"stat.pickup.minecraft.redstone":1,"stat.timeSinceDeath":476483,"stat.drop.minecraft.diamond":8,"stat.useItem.minecraft.spawn_egg":14,"stat.killEntity.Pig":1,"stat.pickup.scienceofchemistry.tytonnot":2,"stat.walkOneCm":183332,"stat.drop.minecraft.paper":5,"stat.pickup.scienceofchemistry.hemppacked":1,"stat.drop.minecraft.rotten_flesh":1,"stat.drop.doomweapon.doomcrucible_open":2,"stat.drop.minecraft.porkchop":2,"stat.mineBlock.minecraft.double_plant":2,"stat.drop.iceandfire.troll_weapon.column":2,"stat.pickup.scienceofchemistry.hempraw":2,"stat.killEntity.Creeper":5,"stat.drop.minecraft.spawn_egg":13,"stat.pickup.minecraft.string":2,"stat.pickup.mw.m4a1":3,"stat.drop.mw.l96a1":1,"stat.useItem.tombstone.gift":1,"stat.drop.scienceofchemistry.papieros":2,"stat.entityKilledBy.Skeleton":3,"stat.pickup.minecraft.stone":1,"stat.drop.cfm.curtains_open":1,"stat.drop.minecraft.emerald":5,"stat.killEntity.Squid":1,"stat.sprintOneCm":17115,"stat.killEntity.soldier":2,"stat.entityKilledBy.soldier":2,"stat.killEntity.Skeleton":2,"stat.useItem.iceandfire.troll_weapon.column":3,"stat.drop.scienceofchemistry.hemppacked":1,"stat.killEntity.Spider":3,"stat.mobKills":63,"stat.drop.minecraft.golden_apple":5,"stat.drop.minecraft.diamond_boots":1,"stat.pickup.minecraft.spawn_egg":4,"stat.pickup.iceandfire.gorgon_head":1,"stat.deaths":6,"stat.useItem.doomweapon.axe_marauder_open":13,"stat.drop":62,"stat.pickup.minecraft.diamond":8,"stat.playOneMinute":505800,"stat.drop.peruanoscraft.dposcientos":1,"stat.sneakTime":493,"stat.drop.minecraft.arrow":2,"stat.killEntity.Zombie":6,"stat.killEntity.siren":3,"stat.mineBlock.minecraft.tallgrass":22,"stat.diveOneCm":27773,"stat.drop.iceandfire.armor_silver_metal_helmet":1}