{"stat.pickup.minecraft.bone":8,"stat.leaveGame":10,"stat.killEntity.gorgon":1,"stat.drop.minecraft.gunpowder":1,"stat.pickup.iceandfire.troll_weapon.axe":1,"stat.swimOneCm":8904,"stat.killEntity.manglelie":1,"stat.climbOneCm":729,"stat.pickup.minecraft.porkchop":3,"stat.useItem.minecraft.dirt":65,"stat.useItem.minecraft.stone_slab2":395,"stat.drop.mw.mares_leg":1,"stat.pickup.minecraft.rotten_flesh":10,"stat.killEntity.deathworm":6,"stat.drop.cfm.inflatable_castle":1,"stat.killEntity.terrorist":1,"stat.pickup.minecraft.cobblestone":10,"stat.drop.mw.m1897":1,"stat.pickup.cfm.curtains_open":1,"stat.flyOneCm":1323687,"stat.killEntity.Witch":3,"stat.drop.mw.hs12":1,"stat.pickup.minecraft.redstone":1,"stat.timeSinceDeath":889213,"stat.drop.minecraft.diamond":8,"stat.useItem.minecraft.spawn_egg":14,"stat.pickup.scienceofchemistry.hemppacked":1,"stat.pickup.minecraft.stonebrick":8,"stat.killEntity.ZombieVillager":2,"stat.pickup.scienceofchemistry.hempraw":2,"stat.killEntity.Creeper":18,"stat.drop.minecraft.spawn_egg":13,"stat.pickup.minecraft.string":2,"stat.drop.mw.l96a1":1,"stat.drop.scienceofchemistry.papieros":2,"stat.killEntity.tyke":2,"stat.entityKilledBy.Skeleton":3,"stat.pickup.iceandfire.troll_tusk":1,"stat.drop.cfm.curtains_open":1,"stat.killEntity.Squid":1,"stat.sprintOneCm":31744,"stat.killEntity.soldier":3,"stat.pickup.tombstone.magic_scroll":1,"stat.drop.scienceofchemistry.hemppacked":1,"stat.killEntity.Husk":2,"stat.drop.minecraft.golden_apple":5,"stat.pickup.minecraft.spawn_egg":4,"stat.deaths":6,"stat.useItem.doomweapon.axe_marauder_open":13,"stat.drop":71,"stat.playOneMinute":918530,"stat.killEntity.Zombie":15,"stat.mineBlock.minecraft.tallgrass":22,"stat.diveOneCm":29925,"stat.drop.iceandfire.armor_silver_metal_helmet":1,"stat.chestOpened":3,"stat.pickup.iceandfire.troll_leather_mountain":6,"stat.pickup.iceandfire.armor_silver_metal_helmet":1,"stat.pickup.minecraft.arrow":7,"stat.pickup.minecraft.iron_sword":1,"stat.drop.scienceofchemistry.bluemeth":2,"stat.killEntity.luna":1,"stat.pickup.doomweapon.doomcrucible_open":1,"stat.drop.iceandfire.silver_pickaxe":1,"stat.useItem.minecraft.potion":1,"stat.pickup.scienceofchemistry.bluemeth":1,"stat.drop.minecraft.sandstone":2,"stat.jump":526,"stat.useItem.doomweapon.doomcrucible_open":27,"stat.drop.scienceofchemistry.hempraw":1,"stat.fallOneCm":1269,"stat.drop.doomweapon.axe_marauder_open":1,"stat.pickup.iceandfire.troll_weapon.column":1,"stat.pickup.minecraft.gunpowder":7,"stat.crouchOneCm":614,"stat.pickup.minecraft.dirt":24,"stat.pickup.iceandfire.iceandfire.deathworm_egg":1,"stat.killEntity.jenny":1,"stat.damageTaken":1500,"stat.pickup.minecraft.leather":25,"stat.drop.mw.m4a1":1,"stat.pickup.peruanoscraft.dposcientos":1,"stat.killEntity.Llama":24,"stat.pickup.scienceofchemistry.papieros":2,"tombstone:undead_killed":34,"stat.pickup.minecraft.wheat_seeds":3,"stat.damageDealt":4840,"stat.killEntity.Pig":1,"stat.pickup.scienceofchemistry.tytonnot":2,"stat.walkOneCm":307777,"stat.drop.minecraft.paper":5,"stat.useItem.minecraft.torch":207,"stat.drop.minecraft.rotten_flesh":2,"stat.drop.doomweapon.doomcrucible_open":2,"stat.drop.minecraft.porkchop":2,"stat.mineBlock.minecraft.double_plant":2,"stat.drop.mw.browning_auto_5":1,"stat.drop.iceandfire.troll_weapon.column":2,"stat.pickup.mw.m4a1":3,"stat.drop.minecraft.stonebrick":2,"stat.useItem.tombstone.gift":1,"stat.pickup.minecraft.stone":1,"stat.killEntity.if_troll":8,"stat.drop.minecraft.emerald":5,"stat.entityKilledBy.soldier":2,"stat.killEntity.Skeleton":14,"stat.useItem.iceandfire.troll_weapon.column":3,"stat.drop.mw.tactical_helmet":1,"stat.killEntity.Spider":7,"stat.mobKills":128,"stat.drop.minecraft.diamond_boots":1,"stat.pickup.iceandfire.gorgon_head":1,"stat.pickup.minecraft.diamond":8,"stat.drop.peruanoscraft.dposcientos":1,"stat.sneakTime":748,"stat.drop.minecraft.arrow":2,"stat.killEntity.siren":3}